{
  "type": "minecraft:crafting_shaped",
  "group": "kookun",
  "pattern": [
    " ba",
    "djd",
    "iri"
  ],
  "key": {
    "b": {
      "item": "minecraft:stone_button"
    },
    "a": {
      "item": "minecraft:amethyst_shard"
    },
    "d": {
      "item": "minecraft:diamond"
    },
    "j": {
      "item": "minecraft:jukebox"
    },
    "i": {
      "item": "minecraft:iron_ingot"
    },
    "r": {
      "item": "minecraft:redstone_block"
    }
  },
  "result": {
    "item": "minecraft:structure_void",
    "count": 1
  }
}